路線方向,路段,交流道,進出口,週六,週日,週2-4 
國1南向路段,基隆端-基隆,非匝道資料,非匝道資料,30740,28474,26855
國1南向路段,基隆-八堵,非匝道資料,非匝道資料,28941,27330,24936
國1南向路段,八堵-大華系統,非匝道資料,非匝道資料,37881,36977,32248
國1南向路段,大華系統-五堵,非匝道資料,非匝道資料,61455,60585,52703
國1南向路段,五堵-汐止及汐止系統,非匝道資料,非匝道資料,63093,61293,54293
國1南向路段,汐止及汐止系統-東湖,非匝道資料,非匝道資料,46208,44549,44095
國1南向路段,東湖-內湖,非匝道資料,非匝道資料,65149,61771,62394
國1南向路段,內湖-圓山,非匝道資料,非匝道資料,54611,52046,56814
國1南向路段,圓山-台北,非匝道資料,非匝道資料,101154,95793,104378
國1南向路段,台北-三重,非匝道資料,非匝道資料,88693,82513,91515
國1南向路段,三重-五股,非匝道資料,非匝道資料,83712,77661,84259
國1南向路段,五股-高公局,非匝道資料,非匝道資料,140736,132038,139548
國1南向路段,高公局-林口(文化一路),非匝道資料,非匝道資料,140668,132016,139037
國1南向路段,林口(文化一路)-林口(文化北路),非匝道資料,非匝道資料,61124,56557,57310
國1南向路段,林口(文化北路)-桃園(49A),非匝道資料,非匝道資料,96088,86598,100099
國1南向路段,桃園(49A)-桃園(49B),非匝道資料,非匝道資料,60216,54469,60474
國1南向路段,桃園(49B)-機場系統,非匝道資料,非匝道資料,95024,86159,97911
國1南向路段,機場系統-中壢服務區,非匝道資料,非匝道資料,79847,73725,81806
國1南向路段,中壢服務區-內壢,非匝道資料,非匝道資料,80452,74487,81435
國1南向路段,內壢-中壢,非匝道資料,非匝道資料,72914,66278,74258
國1南向路段,中壢-平鎮系統,非匝道資料,非匝道資料,74169,68405,72077
國1南向路段,平鎮系統-幼獅,非匝道資料,非匝道資料,65532,62362,64057
國1南向路段,幼獅-楊梅,非匝道資料,非匝道資料,61597,58984,57844
國1南向路段,楊梅-楊梅端,非匝道資料,非匝道資料,43731,43270,39922
國1南向路段,高架楊梅端-湖口,非匝道資料,非匝道資料,79378,77051,70115
國1南向路段,湖口-竹北,非匝道資料,非匝道資料,82907,81235,77881
國1南向路段,竹北-新竹(公道五路),非匝道資料,非匝道資料,85194,80101,82014
國1南向路段,新竹(公道五路)-新竹(園區二路),非匝道資料,非匝道資料,59290,51889,45793
國1南向路段,新竹(園區二路)-新竹系統,非匝道資料,非匝道資料,85138,72695,74290
國1南向路段,新竹系統-頭份,非匝道資料,非匝道資料,73839,61669,53560
國1南向路段,頭份-頭屋,非匝道資料,非匝道資料,65642,55436,43220
國1南向路段,頭屋-苗栗,非匝道資料,非匝道資料,59997,51064,38894
國1南向路段,苗栗-銅鑼,非匝道資料,非匝道資料,60203,53074,41097
國1南向路段,銅鑼-三義,非匝道資料,非匝道資料,61554,55981,42214
國1南向路段,三義-后里,非匝道資料,非匝道資料,60509,55404,41246
國1南向路段,后里-台中系統,非匝道資料,非匝道資料,66915,60303,49864
國1南向路段,台中系統-豐原,非匝道資料,非匝道資料,87551,79573,73206
國1南向路段,豐原-大雅,非匝道資料,非匝道資料,85750,78208,73985
國1南向路段,大雅-台中,非匝道資料,非匝道資料,69909,62547,62899
國1南向路段,台中-南屯,非匝道資料,非匝道資料,66967,59498,57530
國1南向路段,南屯-王田,非匝道資料,非匝道資料,63815,55678,54705
國1南向路段,王田-彰化系統,非匝道資料,非匝道資料,62972,54986,51927
國1南向路段,彰化系統-彰化,非匝道資料,非匝道資料,91561,82710,74590
國1南向路段,彰化-埔鹽系統,非匝道資料,非匝道資料,82370,75318,66712
國1南向路段,埔鹽系統-員林,非匝道資料,非匝道資料,78673,72823,63063
國1南向路段,員林-北斗,非匝道資料,非匝道資料,69242,64862,53183
國1南向路段,北斗-西螺,非匝道資料,非匝道資料,62750,59188,45670
國1南向路段,西螺-虎尾,非匝道資料,非匝道資料,63951,60893,47016
國1南向路段,虎尾-斗南,非匝道資料,非匝道資料,62134,59205,45253
國1南向路段,斗南-雲林系統,非匝道資料,非匝道資料,62034,59291,46566
國1南向路段,雲林系統-大林,非匝道資料,非匝道資料,58056,56664,44610
國1南向路段,大林-民雄,非匝道資料,非匝道資料,56712,55538,44111
國1南向路段,民雄-嘉義,非匝道資料,非匝道資料,54539,53554,43265
國1南向路段,嘉義-水上,非匝道資料,非匝道資料,51274,51393,40444
國1南向路段,水上-嘉義系統,非匝道資料,非匝道資料,50055,50788,39275
國1南向路段,嘉義系統-新營服務區,非匝道資料,非匝道資料,49940,52682,38796
國1南向路段,新營服務區-新營,非匝道資料,非匝道資料,49203,51766,38165
國1南向路段,新營-下營系統,非匝道資料,非匝道資料,55541,57182,45449
國1南向路段,下營系統-麻豆,非匝道資料,非匝道資料,60746,61691,49711
國1南向路段,麻豆-安定,非匝道資料,非匝道資料,63900,63981,54116
國1南向路段,安定-台南系統,非匝道資料,非匝道資料,65552,64390,56820
國1南向路段,台南系統-永康,非匝道資料,非匝道資料,78518,76995,71873
國1南向路段,永康-大灣,非匝道資料,非匝道資料,75747,72605,72710
國1南向路段,大灣-仁德,非匝道資料,非匝道資料,60230,57639,57679
國1南向路段,仁德-仁德系統,非匝道資料,非匝道資料,70286,69069,65890
國1南向路段,仁德系統-路竹,非匝道資料,非匝道資料,68352,67538,64746
國1南向路段,路竹-高科,非匝道資料,非匝道資料,69261,68475,66739
國1南向路段,高科-岡山,非匝道資料,非匝道資料,69064,68036,66236
國1南向路段,岡山-楠梓(旗楠路),非匝道資料,非匝道資料,79348,76121,78032
國1南向路段,楠梓(旗楠路)-楠梓(鳳楠路),非匝道資料,非匝道資料,63895,61346,60484
國1南向路段,楠梓(鳳楠路)-鼎金系統,非匝道資料,非匝道資料,88670,82378,87419
國1南向路段,鼎金系統-高雄,非匝道資料,非匝道資料,113341,106983,111936
國1南向路段,高雄-中正路,非匝道資料,非匝道資料,60657,56273,62983
國1南向路段,中正路-瑞隆路出口匝道,非匝道資料,非匝道資料,86003,78522,88012
國1南向路段,瑞隆路出口匝道-五甲系統,非匝道資料,非匝道資料,71306,65972,73869
國1南向路段,五甲系統-五甲,非匝道資料,非匝道資料,26356,23699,30201
國1南向路段,五甲-中山四路,非匝道資料,非匝道資料,31799,29107,35946
國1南向路段,中山四路-漁港路,非匝道資料,非匝道資料,8623,6540,13470
國1南向路段,漁港路-高港高架,非匝道資料,非匝道資料,5669,5360,8728
國3南向路段,基金-瑪東系統,非匝道資料,非匝道資料,21654,22450,23259
國3南向路段,瑪東系統-汐止系統,非匝道資料,非匝道資料,21936,24538,23665
國3南向路段,汐止系統-新台五路,非匝道資料,非匝道資料,41964,41338,42210
國3南向路段,新台五路-南港,非匝道資料,非匝道資料,47912,45973,48719
國3南向路段,南港-南港系統,非匝道資料,非匝道資料,57254,55846,62626
國3南向路段,南港系統-木柵,非匝道資料,非匝道資料,53358,55353,58311
國3南向路段,木柵-新店,非匝道資料,非匝道資料,50501,52372,53682
國3南向路段,新店-安坑,非匝道資料,非匝道資料,51322,52126,53540
國3南向路段,安坑-中和,非匝道資料,非匝道資料,71732,71286,72320
國3南向路段,中和-土城,非匝道資料,非匝道資料,86124,85434,84897
國3南向路段,土城-樹林,非匝道資料,非匝道資料,107951,109373,102890
國3南向路段,樹林-三鶯,非匝道資料,非匝道資料,93213,96341,86961
國3南向路段,三鶯-鶯歌系統,非匝道資料,非匝道資料,96428,99297,90400
國3南向路段,鶯歌系統-大溪,非匝道資料,非匝道資料,83330,84962,74202
國3南向路段,大溪-龍潭,非匝道資料,非匝道資料,71811,69211,56333
國3南向路段,龍潭-高原,非匝道資料,非匝道資料,67200,62312,48859
國3南向路段,高原-關西服務區,非匝道資料,非匝道資料,65460,58996,45541
國3南向路段,關西服務區-關西,非匝道資料,非匝道資料,65410,58978,45492
國3南向路段,關西-竹林,非匝道資料,非匝道資料,64496,57279,44689
國3南向路段,竹林-寶山,非匝道資料,非匝道資料,57172,49014,40057
國3南向路段,寶山-新竹系統,非匝道資料,非匝道資料,58663,49207,42917
國3南向路段,新竹系統-茄苳,非匝道資料,非匝道資料,66253,56351,55322
國3南向路段,茄苳-香山,非匝道資料,非匝道資料,63436,51669,49003
國3南向路段,香山-西濱,非匝道資料,非匝道資料,61369,48410,41465
國3南向路段,西濱-竹南,非匝道資料,非匝道資料,54270,42287,34204
國3南向路段,竹南-大山,非匝道資料,非匝道資料,55087,43414,33756
國3南向路段,大山-後龍,非匝道資料,非匝道資料,53007,41885,31768
國3南向路段,後龍-西湖服務區,非匝道資料,非匝道資料,51594,41833,31071
國3南向路段,西湖服務區-通霄,非匝道資料,非匝道資料,51840,42007,31222
國3南向路段,通霄-苑裡,非匝道資料,非匝道資料,50568,42120,30244
國3南向路段,苑裡-大甲,非匝道資料,非匝道資料,55353,47028,36263
國3南向路段,大甲-中港系統,非匝道資料,非匝道資料,62143,53888,43130
國3南向路段,中港系統-清水服務區,非匝道資料,非匝道資料,53219,46186,36200
國3南向路段,清水服務區-沙鹿,非匝道資料,非匝道資料,53317,46249,36184
國3南向路段,沙鹿-龍井,非匝道資料,非匝道資料,53791,46056,36706
國3南向路段,龍井-和美,非匝道資料,非匝道資料,56124,47501,38612
國3南向路段,和美-彰化系統,非匝道資料,非匝道資料,62852,54390,48103
國3南向路段,彰化系統-快官,非匝道資料,非匝道資料,52818,43665,42301
國3南向路段,快官-烏日,非匝道資料,非匝道資料,60748,52867,52560
國3南向路段,烏日-中投,非匝道資料,非匝道資料,61624,53599,51856
國3南向路段,中投-霧峰,非匝道資料,非匝道資料,62999,55931,52167
國3南向路段,霧峰-霧峰系統,非匝道資料,非匝道資料,86497,79125,67026
國3南向路段,霧峰系統-草屯,非匝道資料,非匝道資料,71137,68407,56497
國3南向路段,草屯-中興系統,非匝道資料,非匝道資料,70110,65406,52651
國3南向路段,中興系統-中興,非匝道資料,非匝道資料,63389,58248,45775
國3南向路段,中興-南投,非匝道資料,非匝道資料,60633,54482,40064
國3南向路段,南投-南投服務區,非匝道資料,非匝道資料,53732,47551,31470
國3南向路段,南投服務區-名間,非匝道資料,非匝道資料,51753,46340,30270
國3南向路段,名間-竹山,非匝道資料,非匝道資料,42971,39798,24433
國3南向路段,竹山-南雲,非匝道資料,非匝道資料,36473,36776,20029
國3南向路段,南雲-斗六,非匝道資料,非匝道資料,36094,37042,19914
國3南向路段,斗六-古坑(北)&古坑系統,非匝道資料,非匝道資料,34991,36730,19664
國3南向路段,古坑(北)&古坑系統-古坑(南),非匝道資料,非匝道資料,30407,32975,16812
國3南向路段,古坑(南)-古坑服務區,非匝道資料,非匝道資料,32083,34891,17895
國3南向路段,古坑服務區-梅山,非匝道資料,非匝道資料,32056,34888,17891
國3南向路段,梅山-竹崎(北),非匝道資料,非匝道資料,34750,38308,20567
國3南向路段,竹崎(北)-竹崎(南),非匝道資料,非匝道資料,26882,30680,14553
國3南向路段,竹崎(南)-中埔,非匝道資料,非匝道資料,33199,37526,20564
國3南向路段,中埔-水上系統,非匝道資料,非匝道資料,33794,40917,20829
國3南向路段,水上系統-白河,非匝道資料,非匝道資料,28897,36261,16390
國3南向路段,白河-東山服務區,非匝道資料,非匝道資料,29557,38072,16948
國3南向路段,東山服務區-柳營,非匝道資料,非匝道資料,30134,38819,17293
國3南向路段,柳營-烏山頭,非匝道資料,非匝道資料,31976,40628,19556
國3南向路段,烏山頭-官田系統,非匝道資料,非匝道資料,34134,42720,21668
國3南向路段,官田系統-善化,非匝道資料,非匝道資料,37809,46224,25392
國3南向路段,善化-新化系統,非匝道資料,非匝道資料,39228,45925,26531
國3南向路段,新化系統-關廟,非匝道資料,非匝道資料,36662,39152,26784
國3南向路段,關廟-關廟服務區,非匝道資料,非匝道資料,36629,36979,23506
國3南向路段,關廟服務區-田寮,非匝道資料,非匝道資料,36570,36962,23458
國3南向路段,田寮-燕巢系統,非匝道資料,非匝道資料,36866,36494,24362
國3南向路段,燕巢系統-九如,非匝道資料,非匝道資料,33170,30005,24648
國3南向路段,九如-屏東,非匝道資料,非匝道資料,27131,24062,19467
國3南向路段,屏東-長治,非匝道資料,非匝道資料,21677,18599,14526
國3南向路段,長治-麟洛,非匝道資料,非匝道資料,21208,18236,15110
國3南向路段,麟洛-竹田系統,非匝道資料,非匝道資料,24472,20395,18285
國3南向路段,竹田系統-崁頂,非匝道資料,非匝道資料,31152,24831,20141
國3南向路段,崁頂-南州,非匝道資料,非匝道資料,26710,21224,16051
國3南向路段,南州-大鵬灣端,非匝道資料,非匝道資料,10454,8008,6276
國5南向路段,南港系統-石碇,非匝道資料,非匝道資料,36755,32326,27213
國5南向路段,石碇-坪林,非匝道資料,非匝道資料,40230,32310,28928
國5南向路段,坪林-頭城,非匝道資料,非匝道資料,40112,30355,27728
國5南向路段,頭城-宜蘭,非匝道資料,非匝道資料,33740,23775,24177
國5南向路段,宜蘭-羅東,非匝道資料,非匝道資料,27779,20043,20551
國5南向路段,羅東-蘇澳,非匝道資料,非匝道資料,13626,10753,10904
國1高架南向路段,汐止端-堤頂,非匝道資料,非匝道資料,32900,33181,31015
國1高架南向路段,堤頂-環北,非匝道資料,非匝道資料,45815,43035,45942
國1高架南向路段,環北-五股,非匝道資料,非匝道資料,70175,65346,68690
國1高架南向路段,五股-泰山轉接道,非匝道資料,非匝道資料,23520,22321,19045
國1高架南向路段,泰山轉接道-機場系統,非匝道資料,非匝道資料,59300,56373,50212
國1高架南向路段,機場系統-中壢轉接道,非匝道資料,非匝道資料,47826,45756,40236
國1高架南向路段,中壢轉接道-楊梅端,非匝道資料,非匝道資料,42121,39116,36443
國3甲東向路段,台北端-萬芳,非匝道資料,非匝道資料,23824,20170,23863
國3甲東向路段,萬芳-木柵,非匝道資料,非匝道資料,31251,27408,32994
國2東向路段,機場端-大園,非匝道資料,非匝道資料,27284,27122,27329
國2東向路段,大園-大竹,非匝道資料,非匝道資料,44058,40784,48873
國2東向路段,大竹-機場系統,非匝道資料,非匝道資料,66245,60873,71617
國2東向路段,機場系統-南桃園,非匝道資料,非匝道資料,73134,64727,74742
國2東向路段,南桃園-大湳,非匝道資料,非匝道資料,62323,54857,63193
國2東向路段,大湳-鶯歌系統,非匝道資料,非匝道資料,60448,55882,64602
國4東向路段,清水端-中港系統,非匝道資料,非匝道資料,16589,15693,16827
國4東向路段,中港系統-神岡,非匝道資料,非匝道資料,27168,25703,26523
國4東向路段,神岡-台中系統,非匝道資料,非匝道資料,28556,26184,29086
國4東向路段,台中系統-后豐,非匝道資料,非匝道資料,25413,22763,22670
國4東向路段,后豐-豐勢,非匝道資料,非匝道資料,14841,19342,11490
國6東向路段,霧峰系統-舊正,非匝道資料,非匝道資料,30831,26384,20361
國6東向路段,舊正-東草屯,非匝道資料,非匝道資料,35463,26875,19511
國6東向路段,東草屯-國姓,非匝道資料,非匝道資料,31714,24438,16522
國6東向路段,國姓-北山,非匝道資料,非匝道資料,27255,21829,14477
國6東向路段,北山-愛蘭,非匝道資料,非匝道資料,26060,20919,13763
國6東向路段,愛蘭-埔里,非匝道資料,非匝道資料,12821,9942,6590
國6東向路段,埔里-埔里端,非匝道資料,非匝道資料,6917,4956,2774
國8東向路段,台南端-新吉,非匝道資料,非匝道資料,13722,12287,12858
國8東向路段,新吉-南133,非匝道資料,非匝道資料,21278,19283,19561
國8東向路段,南133-台南系統,非匝道資料,非匝道資料,28183,24872,26003
國8東向路段,台南系統-新市,非匝道資料,非匝道資料,29887,28466,26099
國8東向路段,新市-新化系統,非匝道資料,非匝道資料,24544,22332,17853
國8東向路段,新化系統-新化端,非匝道資料,非匝道資料,8146,8206,6602
國10東向路段,左營端-鼎金系統,非匝道資料,非匝道資料,34874,34671,33129
國10東向路段,鼎金系統-仁武,非匝道資料,非匝道資料,43834,42014,40863
國10東向路段,仁武-燕巢,非匝道資料,非匝道資料,39685,38108,34569
國10東向路段,燕巢-燕巢系統,非匝道資料,非匝道資料,43558,41667,35075
國10東向路段,燕巢系統-嶺口,非匝道資料,非匝道資料,28089,26001,20339
國10東向路段,嶺口-里港,非匝道資料,非匝道資料,22792,20827,16515
國10東向路段,里港-旗山端,非匝道資料,非匝道資料,17599,17355,11430
國1北向路段,高港高架-漁港路,非匝道資料,非匝道資料,6850,6760,9910
國1北向路段,漁港路-中山四路,非匝道資料,非匝道資料,8655,8394,12000
國1北向路段,中山四路-三國通道,非匝道資料,非匝道資料,30343,28285,35493
國1北向路段,三國通道-五甲,非匝道資料,非匝道資料,34404,31713,40835
國1北向路段,五甲-五甲系統,非匝道資料,非匝道資料,26238,24508,32184
國1北向路段,五甲系統-高雄,非匝道資料,非匝道資料,80082,78121,84577
國1北向路段,高雄-鼎金系統,非匝道資料,非匝道資料,110632,110968,110377
國1北向路段,鼎金系統-楠梓(鳳楠路),非匝道資料,非匝道資料,83648,84730,83664
國1北向路段,楠梓(鳳楠路)-楠梓(旗楠路),非匝道資料,非匝道資料,61356,65130,58869
國1北向路段,楠梓(旗楠路)-岡山,非匝道資料,非匝道資料,77793,81160,77417
國1北向路段,岡山-高科,非匝道資料,非匝道資料,68143,72912,65620
國1北向路段,高科-路竹,非匝道資料,非匝道資料,68867,73664,66284
國1北向路段,路竹-仁德系統,非匝道資料,非匝道資料,68480,72950,64678
國1北向路段,仁德系統-仁德,非匝道資料,非匝道資料,68511,73741,66682
國1北向路段,仁德-大灣,非匝道資料,非匝道資料,55744,58805,54928
國1北向路段,大灣-永康,非匝道資料,非匝道資料,72280,75035,70832
國1北向路段,永康-台南系統,非匝道資料,非匝道資料,76795,80301,71026
國1北向路段,台南系統-安定,非匝道資料,非匝道資料,65085,69030,57766
國1北向路段,安定-麻豆,非匝道資料,非匝道資料,63447,66901,54024
國1北向路段,麻豆-下營系統,非匝道資料,非匝道資料,59790,63889,49299
國1北向路段,下營系統-新營,非匝道資料,非匝道資料,54941,59057,45583
國1北向路段,新營-新營服務區,非匝道資料,非匝道資料,48185,54030,38395
國1北向路段,新營服務區-嘉義系統,非匝道資料,非匝道資料,48827,54763,38876
國1北向路段,嘉義系統-水上,非匝道資料,非匝道資料,48023,53378,39560
國1北向路段,水上-嘉義,非匝道資料,非匝道資料,48978,54531,40839
國1北向路段,嘉義-民雄,非匝道資料,非匝道資料,51711,57960,43476
國1北向路段,民雄-大林,非匝道資料,非匝道資料,52951,59501,43995
國1北向路段,大林-雲林系統,非匝道資料,非匝道資料,53974,60837,44262
國1北向路段,雲林系統-斗南,非匝道資料,非匝道資料,57318,63678,46752
國1北向路段,斗南-虎尾,非匝道資料,非匝道資料,57028,63856,45348
國1北向路段,虎尾-西螺,非匝道資料,非匝道資料,58115,65255,46401
國1北向路段,西螺-北斗,非匝道資料,非匝道資料,57902,65864,45984
國1北向路段,北斗-員林,非匝道資料,非匝道資料,64840,71515,53187
國1北向路段,員林-埔鹽系統,非匝道資料,非匝道資料,73831,79202,62020
國1北向路段,埔鹽系統-彰化,非匝道資料,非匝道資料,77755,83020,68052
國1北向路段,彰化-彰化系統,非匝道資料,非匝道資料,86591,91231,76883
國1北向路段,彰化系統-王田,非匝道資料,非匝道資料,60378,63702,55367
國1北向路段,王田-南屯,非匝道資料,非匝道資料,60826,63361,57446
國1北向路段,南屯-台中,非匝道資料,非匝道資料,59892,62156,57517
國1北向路段,台中-大雅,非匝道資料,非匝道資料,67978,69718,65746
國1北向路段,大雅-豐原,非匝道資料,非匝道資料,84145,87272,76986
國1北向路段,豐原-台中系統,非匝道資料,非匝道資料,86850,91356,75642
國1北向路段,台中系統-后里,非匝道資料,非匝道資料,65432,72188,52870
國1北向路段,后里-三義,非匝道資料,非匝道資料,57015,64970,42699
國1北向路段,三義-銅鑼,非匝道資料,非匝道資料,56836,65761,43672
國1北向路段,銅鑼-苗栗,非匝道資料,非匝道資料,54305,63571,42594
國1北向路段,苗栗-頭屋,非匝道資料,非匝道資料,52260,63002,40498
國1北向路段,頭屋-頭份,非匝道資料,非匝道資料,57327,68339,44927
國1北向路段,頭份-新竹系統,非匝道資料,非匝道資料,65279,75200,55108
國1北向路段,新竹系統-新竹(園區二路),非匝道資料,非匝道資料,76212,83774,74345
國1北向路段,新竹(園區二路)-新竹(公道五路),非匝道資料,非匝道資料,52280,55794,45979
國1北向路段,新竹(公道五路)-竹北,非匝道資料,非匝道資料,82085,84212,84035
國1北向路段,竹北-湖口,非匝道資料,非匝道資料,82059,83054,78747
國1北向路段,湖口-楊梅端,非匝道資料,非匝道資料,77248,80963,70830
國1北向路段,高架楊梅端-楊梅,非匝道資料,非匝道資料,41549,43895,40597
國1北向路段,楊梅-幼獅,非匝道資料,非匝道資料,58811,59216,59107
國1北向路段,幼獅-平鎮系統,非匝道資料,非匝道資料,63113,62719,65787
國1北向路段,平鎮系統-中壢,非匝道資料,非匝道資料,71891,72302,74310
國1北向路段,中壢-內壢,非匝道資料,非匝道資料,76826,76262,81235
國1北向路段,中壢轉接道,非匝道資料,非匝道資料,73187,74729,79403
國1北向路段,內壢-中壢服務區,非匝道資料,非匝道資料,82060,82861,88252
國1北向路段,中壢服務區-機場系統,非匝道資料,非匝道資料,81089,81775,87701
國1北向路段,機場系統-桃園(49B),非匝道資料,非匝道資料,99089,98346,105362
國1北向路段,桃園(49B)-桃園(49A),非匝道資料,非匝道資料,60385,61406,61940
國1北向路段,桃園(49A)-林口(文化北路),非匝道資料,非匝道資料,96133,93644,99178
國1北向路段,林口(文化北路)-林口(文化一路),非匝道資料,非匝道資料,60944,60025,56803
國1北向路段,林口(文化一路)-高公局,非匝道資料,非匝道資料,106319,99296,106772
國1北向路段,泰山轉接道,非匝道資料,非匝道資料,139319,86737,115636
國1北向路段,高公局-五股,非匝道資料,非匝道資料,139094,86813,116033
國1北向路段,五股-三重,非匝道資料,非匝道資料,133267,85011,116653
國1北向路段,五股轉接道,非匝道資料,非匝道資料,83498,52213,69374
國1北向路段,三重-台北,非匝道資料,非匝道資料,92028,56830,78084
國1北向路段,台北-圓山,非匝道資料,非匝道資料,98615,93630,96554
國1北向路段,圓山-內湖,非匝道資料,非匝道資料,52737,49895,55029
國1北向路段,內湖-東湖,非匝道資料,非匝道資料,63861,60374,62757
國1北向路段,東湖-汐五汐止端,非匝道資料,非匝道資料,49566,46066,49251
國1北向路段,汐止及汐止系統-五堵,非匝道資料,非匝道資料,65690,61615,57871
國1北向路段,五堵-大華系統,非匝道資料,非匝道資料,63222,59395,55048
國1北向路段,大華系統-八堵,非匝道資料,非匝道資料,34720,31443,31127
國1北向路段,八堵-基隆,非匝道資料,非匝道資料,27661,25211,25392
國1北向路段,基隆-基隆端,非匝道資料,非匝道資料,29744,26185,27359
國3北向路段,林邊-南州,非匝道資料,非匝道資料,7398,9644,6069
國3北向路段,南州-崁頂,非匝道資料,非匝道資料,19894,26455,15761
國3北向路段,崁頂-竹田系統,非匝道資料,非匝道資料,24438,31484,20299
國3北向路段,竹田系統-麟洛,非匝道資料,非匝道資料,20605,24975,18412
國3北向路段,麟洛-長治,非匝道資料,非匝道資料,17650,23140,15594
國3北向路段,長治-屏東,非匝道資料,非匝道資料,17974,24283,15205
國3北向路段,屏東-九如,非匝道資料,非匝道資料,23671,30256,20304
國3北向路段,九如-燕巢系統,非匝道資料,非匝道資料,28654,35680,24824
國3北向路段,燕巢系統-田寮,非匝道資料,非匝道資料,32734,39616,24349
國3北向路段,田寮-關廟服務區,非匝道資料,非匝道資料,32588,39386,23321
國3北向路段,關廟服務區-關廟,非匝道資料,非匝道資料,32619,39469,23371
國3北向路段,關廟-新化系統,非匝道資料,非匝道資料,35186,40110,26368
國3北向路段,新化系統-善化,非匝道資料,非匝道資料,39745,43238,25267
國3北向路段,善化-官田系統,非匝道資料,非匝道資料,39472,42300,24524
國3北向路段,官田系統-烏山頭,非匝道資料,非匝道資料,35779,39159,21184
國3北向路段,烏山頭-柳營,非匝道資料,非匝道資料,33495,36937,19036
國3北向路段,柳營-東山服務區,非匝道資料,非匝道資料,31478,35382,16732
國3北向路段,東山服務區-白河,非匝道資料,非匝道資料,30769,34680,16370
國3北向路段,白河-水上系統,非匝道資料,非匝道資料,29483,33468,15808
國3北向路段,水上系統-中埔,非匝道資料,非匝道資料,34271,38496,20126
國3北向路段,中埔-竹崎(南),非匝道資料,非匝道資料,31473,36617,19658
國3北向路段,竹崎(南)-竹崎(北),非匝道資料,非匝道資料,25327,30477,13865
國3北向路段,竹崎(北)-梅山,非匝道資料,非匝道資料,32838,38940,19798
國3北向路段,梅山-古坑服務區,非匝道資料,非匝道資料,29736,36043,17181
國3北向路段,古坑服務區-古坑(南),非匝道資料,非匝道資料,29766,36056,17215
國3北向路段,古坑(南)-古坑(北)&古坑系統,非匝道資料,非匝道資料,27957,34192,16097
國3北向路段,古坑(北)&古坑系統-斗六,非匝道資料,非匝道資料,32240,38716,18888
國3北向路段,斗六-南雲,非匝道資料,非匝道資料,33050,39281,19227
國3北向路段,南雲-竹山,非匝道資料,非匝道資料,33060,39814,19566
國3北向路段,竹山-名間,非匝道資料,非匝道資料,36531,44792,23612
國3北向路段,名間-南投服務區,非匝道資料,非匝道資料,44460,50470,29790
國3北向路段,南投服務區-南投,非匝道資料,非匝道資料,46052,52166,30989
國3北向路段,南投-中興,非匝道資料,非匝道資料,53518,59041,39573
國3北向路段,中興-中興系統,非匝道資料,非匝道資料,58149,65262,46393
國3北向路段,中興系統-草屯,非匝道資料,非匝道資料,66524,73952,52455
國3北向路段,草屯-霧峰系統,非匝道資料,非匝道資料,70251,77117,56183
國3北向路段,霧峰系統-霧峰,非匝道資料,非匝道資料,81149,91697,66830
國3北向路段,霧峰-中投,非匝道資料,非匝道資料,60048,68848,54738
國3北向路段,中投-烏日,非匝道資料,非匝道資料,56377,65057,52611
國3北向路段,烏日-快官,非匝道資料,非匝道資料,55763,63740,52991
國3北向路段,快官-彰化系統,非匝道資料,非匝道資料,46066,53399,42647
國3北向路段,彰化系統-和美,非匝道資料,非匝道資料,53805,63948,47311
國3北向路段,和美-龍井,非匝道資料,非匝道資料,45302,57774,37048
國3北向路段,龍井-沙鹿,非匝道資料,非匝道資料,44344,56274,36097
國3北向路段,沙鹿-清水服務區,非匝道資料,非匝道資料,43435,55329,34391
國3北向路段,清水服務區-中港系統,非匝道資料,非匝道資料,43332,55319,34400
國3北向路段,中港系統-大甲,非匝道資料,非匝道資料,51577,64502,40893
國3北向路段,大甲-苑裡,非匝道資料,非匝道資料,44219,57802,33611
國3北向路段,苑裡-通霄,非匝道資料,非匝道資料,39110,53568,28166
國3北向路段,通霄-西湖服務區,非匝道資料,非匝道資料,40037,54295,29180
國3北向路段,西湖服務區-後龍,非匝道資料,非匝道資料,39817,54089,29011
國3北向路段,後龍-大山,非匝道資料,非匝道資料,40554,54516,29452
國3北向路段,大山-竹南,非匝道資料,非匝道資料,42474,56287,31536
國3北向路段,竹南-西濱,非匝道資料,非匝道資料,42365,54747,32350
國3北向路段,西濱-香山,非匝道資料,非匝道資料,48927,61234,39385
國3北向路段,香山-茄苳,非匝道資料,非匝道資料,52825,64458,47462
國3北向路段,茄苳-新竹系統,非匝道資料,非匝道資料,56934,67430,52031
國3北向路段,新竹系統-寶山,非匝道資料,非匝道資料,49754,62720,41160
國3北向路段,寶山-竹林,非匝道資料,非匝道資料,49144,61460,39230
國3北向路段,竹林-關西,非匝道資料,非匝道資料,57121,67791,43497
國3北向路段,關西-關西服務區,非匝道資料,非匝道資料,57793,67875,44138
國3北向路段,關西服務區-高原,非匝道資料,非匝道資料,57833,67846,44185
國3北向路段,高原-龍潭,非匝道資料,非匝道資料,60160,68169,47499
國3北向路段,龍潭-大溪,非匝道資料,非匝道資料,67177,73060,55775
國3北向路段,大溪-鶯歌系統,非匝道資料,非匝道資料,79535,82215,70497
國3北向路段,鶯歌系統-三鶯,非匝道資料,非匝道資料,96801,97661,89888
國3北向路段,三鶯-樹林,非匝道資料,非匝道資料,92650,93390,85009
國3北向路段,樹林-土城,非匝道資料,非匝道資料,108279,107280,101113
國3北向路段,土城-中和,非匝道資料,非匝道資料,84838,81845,80393
國3北向路段,中和-安坑,非匝道資料,非匝道資料,68776,65420,67895
國3北向路段,安坑-新店,非匝道資料,非匝道資料,55250,49467,52492
國3北向路段,新店-木柵,非匝道資料,非匝道資料,56549,49783,53853
國3北向路段,木柵-南深路出口匝道,非匝道資料,非匝道資料,55468,49878,55228
國3北向路段,南深路出口匝道-南港系統,非匝道資料,非匝道資料,53172,47340,52082
國3北向路段,南港系統-南港,非匝道資料,非匝道資料,55594,55372,58995
國3北向路段,南港-新台五路,非匝道資料,非匝道資料,46805,44593,47324
國3北向路段,新台五路-汐止系統,非匝道資料,非匝道資料,40175,38200,39374
國3北向路段,汐止系統-瑪東系統,非匝道資料,非匝道資料,23511,20282,20156
國3北向路段,瑪東系統-基金,非匝道資料,非匝道資料,23135,21255,22164
國5北向路段,蘇澳-羅東,非匝道資料,非匝道資料,11110,9788,10663
國5北向路段,羅東-宜蘭,非匝道資料,非匝道資料,21860,17602,19539
國5北向路段,宜蘭-頭城,非匝道資料,非匝道資料,27754,23696,24134
國5北向路段,頭城-坪林,非匝道資料,非匝道資料,33021,35386,27727
國5北向路段,坪林-石碇,非匝道資料,非匝道資料,34914,40042,29014
國5北向路段,石碇-南港系統,非匝道資料,非匝道資料,35289,39871,29688
國1高架北向路段,楊梅端-中壢轉接道,非匝道資料,非匝道資料,42005,45445,37253
國1高架北向路段,中壢轉接道-機場系統,非匝道資料,非匝道資料,45644,46977,39085
國1高架北向路段,機場系統-泰山轉接道,非匝道資料,非匝道資料,56825,57829,50374
國1高架北向路段,泰山轉接道-五股,非匝道資料,非匝道資料,23831,24619,21914
國1高架北向路段,五股-環北,非匝道資料,非匝道資料,73594,70017,75429
國1高架北向路段,環北-下塔悠出口匝道,非匝道資料,非匝道資料,48953,46292,50411
國1高架北向路段,下塔悠出口匝道-堤頂,非匝道資料,非匝道資料,43270,41077,42350
國1高架北向路段,堤頂-汐止端,非匝道資料,非匝道資料,38648,33808,33762
國3甲西向路段,木柵-萬芳,非匝道資料,非匝道資料,31417,30649,34839
國3甲西向路段,萬芳-台北端,非匝道資料,非匝道資料,21190,20325,22714
國2西向路段,鶯歌系統-大湳,非匝道資料,非匝道資料,56996,54734,61563
國2西向路段,大湳-南桃園,非匝道資料,非匝道資料,58384,53390,60349
國2西向路段,南桃園-機場系統,非匝道資料,非匝道資料,75508,68197,73714
國2西向路段,機場系統-大竹,非匝道資料,非匝道資料,65904,58252,68559
國2西向路段,大竹-大園,非匝道資料,非匝道資料,40578,35509,46503
國2西向路段,大園-機場端,非匝道資料,非匝道資料,23033,19754,28722
國4西向路段,豐勢-后豐,非匝道資料,非匝道資料,12636,13939,11187
國4西向路段,后豐-台中系統,非匝道資料,非匝道資料,22836,23400,22402
國4西向路段,台中系統-神岡,非匝道資料,非匝道資料,29002,27826,29038
國4西向路段,神岡-中港系統,非匝道資料,非匝道資料,27183,26440,26066
國4西向路段,中港系統-清水端,非匝道資料,非匝道資料,17099,14973,17409
國6西向路段,埔里端-埔里,非匝道資料,非匝道資料,4018,6359,2542
國6西向路段,埔里-愛蘭,非匝道資料,非匝道資料,9427,13642,6505
國6西向路段,愛蘭-北山,非匝道資料,非匝道資料,20561,25749,13856
國6西向路段,北山-國姓,非匝道資料,非匝道資料,21756,28364,14449
國6西向路段,國姓-東草屯,非匝道資料,非匝道資料,24261,31594,16579
國6西向路段,東草屯-舊正,非匝道資料,非匝道資料,27726,33501,19722
國6西向路段,舊正-霧峰系統,非匝道資料,非匝道資料,27085,30159,20847
國8西向路段,新化端-新化系統,非匝道資料,非匝道資料,6410,8435,6952
國8西向路段,新化系統-新市,非匝道資料,非匝道資料,23369,26284,19143
國8西向路段,新市-台南系統,非匝道資料,非匝道資料,28738,28034,28124
國8西向路段,台南系統-南133,非匝道資料,非匝道資料,25275,24014,24953
國8西向路段,南133-新吉,非匝道資料,非匝道資料,19742,18542,18445
國8西向路段,新吉-台南端,非匝道資料,非匝道資料,12414,11870,12068
國10西向路段,旗山端-里港,非匝道資料,非匝道資料,16100,19727,11524
國10西向路段,里港-嶺口,非匝道資料,非匝道資料,20502,23459,15832
國10西向路段,嶺口-燕巢系統,非匝道資料,非匝道資料,25730,28591,20110
國10西向路段,燕巢系統-燕巢,非匝道資料,非匝道資料,41438,45750,34766
國10西向路段,燕巢-仁武,非匝道資料,非匝道資料,36105,40519,33026
國10西向路段,仁武-鼎金系統,非匝道資料,非匝道資料,43739,43925,41824
國10西向路段,鼎金系統-左營端,非匝道資料,非匝道資料,45863,46553,42767
